MX Original Shows,Thinkistan,https://www.mxplayer.in/show/watch-thinkistan-series-online-a7ecc11b9b963301b5821065b08bba2e,"1 Season, 11 Episodes",https://www.mxplayer.in/show/watch-thinkistan-series-online-a7ecc11b9b963301b5821065b08bba2e
MX Original Shows,Bollywood Buzzinga,https://www.mxplayer.in/show/watch-bollywood-buzzinga-series-online-d016edc53ed06870430c97de762f7040,"1 Season, 8 Episodes",https://www.mxplayer.in/show/watch-bollywood-buzzinga-series-online-d016edc53ed06870430c97de762f7040
MX Original Shows,Hey Prabhu!,https://www.mxplayer.in/show/watch-hey-prabhu-series-online-aa570b91f931dba6cfefdefdbc2fc4d7,"1 Season, 6 Episodes",https://www.mxplayer.in/show/watch-hey-prabhu-series-online-aa570b91f931dba6cfefdefdbc2fc4d7
MX Original Shows,ImMature,https://www.mxplayer.in/show/watch-immature-series-online-00fefdd91f5216e6ebd9a7bfb68cb83d,"1 Season, 5 Episodes",https://www.mxplayer.in/show/watch-immature-series-online-00fefdd91f5216e6ebd9a7bfb68cb83d
MX Original Shows,F Buddies (Hindi),https://www.mxplayer.in/show/watch-f-buddies-hindi-series-online-09af400897d1d774aa013dd642c85e3a,"1 Season, 8 Episodes",https://www.mxplayer.in/show/watch-f-buddies-hindi-series-online-09af400897d1d774aa013dd642c85e3a
MX Original Shows,Aafat,https://www.mxplayer.in/show/watch-aafat-series-online-91dbb4bb4c0b3d8bb63ec2df25946667,"1 Season, 6 Episodes",https://www.mxplayer.in/show/watch-aafat-series-online-91dbb4bb4c0b3d8bb63ec2df25946667
MX Original Shows,Love Ok Please,https://www.mxplayer.in/show/watch-love-ok-please-series-online-6e91855fc6e2df5ff921179f3760cd83,"1 Season, 14 Episodes",https://www.mxplayer.in/show/watch-love-ok-please-series-online-6e91855fc6e2df5ff921179f3760cd83
MX Original Shows,Famously Filmfare Kannada,https://www.mxplayer.in/show/watch-famously-filmfare-kannada-series-online-81a8cbef92989816e4608b817590dbfe,"1 Season, 6 Episodes",https://www.mxplayer.in/show/watch-famously-filmfare-kannada-series-online-81a8cbef92989816e4608b817590dbfe
MX Original Shows,Famously Filmfare Marathi,https://www.mxplayer.in/show/watch-famously-filmfare-marathi-series-online-ea63b442368c8f399a1e40b7a34f19c0,"1 Season, 12 Episodes",https://www.mxplayer.in/show/watch-famously-filmfare-marathi-series-online-ea63b442368c8f399a1e40b7a34f19c0
MX Original Shows,LOL (Lots Of Love)(Telugu),https://www.mxplayer.in/show/watch-lol-lots-of-lovetelugu-series-online-7c92504322b7074471c5ff9dbac759b4,"1 Season, 8 Episodes",https://www.mxplayer.in/show/watch-lol-lots-of-lovetelugu-series-online-7c92504322b7074471c5ff9dbac759b4
Classic TV Shows,Alif Laila,https://www.mxplayer.in/show/watch-alif-laila-series-online-bb5dbc9aebc18b306980d19652e4efff,"1 Season, 160 Episodes",https://www.mxplayer.in/show/watch-alif-laila-series-online-bb5dbc9aebc18b306980d19652e4efff
Classic TV Shows,Kya Huaa Tera Vaada,https://www.mxplayer.in/show/watch-kya-huaa-tera-vaada-series-online-7f2af2dac778c3da3770ab63adc57c03,"1 Season, 267 Episodes",https://www.mxplayer.in/show/watch-kya-huaa-tera-vaada-series-online-7f2af2dac778c3da3770ab63adc57c03
Classic TV Shows,Office Office,https://www.mxplayer.in/show/watch-office-office-series-online-f557b2443c5234d3b3a5fb71164ecc9b,"1 Season, 40 Episodes",https://www.mxplayer.in/show/watch-office-office-series-online-f557b2443c5234d3b3a5fb71164ecc9b
Classic TV Shows,Kutumb,https://www.mxplayer.in/show/watch-kutumb-series-online-cbc1c667b2b7d2ec055c7f8891781a31,"1 Season, 30 Episodes",https://www.mxplayer.in/show/watch-kutumb-series-online-cbc1c667b2b7d2ec055c7f8891781a31
Classic TV Shows,Biwi to Biwi Salla re Salla,https://www.mxplayer.in/show/watch-biwi-to-biwi-salla-re-salla-series-online-d2d5c9df73d0c627665d534e46b50953,"1 Season, 140 Episodes",https://www.mxplayer.in/show/watch-biwi-to-biwi-salla-re-salla-series-online-d2d5c9df73d0c627665d534e46b50953
Classic TV Shows,Jassi Jaissi Koi Nahin,https://www.mxplayer.in/show/watch-jassi-jaissi-koi-nahin-series-online-ca8e9f96d7d35ede73c306d6fbba0b50,"1 Season, 521 Episodes",https://www.mxplayer.in/show/watch-jassi-jaissi-koi-nahin-series-online-ca8e9f96d7d35ede73c306d6fbba0b50
Classic TV Shows,Family No. 1,https://www.mxplayer.in/show/watch-family-no-1-series-online-0fdfb9dd12cf5d9e544b828caa157a9f,"1 Season, 121 Episodes",https://www.mxplayer.in/show/watch-family-no-1-series-online-0fdfb9dd12cf5d9e544b828caa157a9f
Classic TV Shows,Chamatkar,https://www.mxplayer.in/show/watch-chamatkar-series-online-cf4d323004079ffd95528660cab3783c,"1 Season, 137 Episodes",https://www.mxplayer.in/show/watch-chamatkar-series-online-cf4d323004079ffd95528660cab3783c
Popular Romantic Shows,Mann Mayal,https://www.mxplayer.in/show/watch-mann-mayal-series-online-bad5061099aa481881eba89d7e474107,"1 Season, 17 Episodes",https://www.mxplayer.in/show/watch-mann-mayal-series-online-bad5061099aa481881eba89d7e474107
Popular Romantic Shows,Noor ul Ain,https://www.mxplayer.in/show/watch-noor-ul-ain-series-online-22b4c29dbedaa41c3427d674fa3f1bc0,"1 Season, 24 Episodes",https://www.mxplayer.in/show/watch-noor-ul-ain-series-online-22b4c29dbedaa41c3427d674fa3f1bc0
Popular Romantic Shows,Ishq Parast,https://www.mxplayer.in/show/watch-ishq-parast-series-online-bf83a3c124d526c5711f455419acf3f9,"1 Season, 23 Episodes",https://www.mxplayer.in/show/watch-ishq-parast-series-online-bf83a3c124d526c5711f455419acf3f9
Popular Romantic Shows,Piyarey Afzal,https://www.mxplayer.in/show/watch-piyarey-afzal-series-online-f2f39fb5ed352d0eee64139a2c8a169c,"1 Season, 37 Episodes",https://www.mxplayer.in/show/watch-piyarey-afzal-series-online-f2f39fb5ed352d0eee64139a2c8a169c
Popular Romantic Shows,Choti Si Zindagi,https://www.mxplayer.in/show/watch-choti-si-zindagi-series-online-7835fdfff88b4e4c2973342e7112516b,"1 Season, 28 Episodes",https://www.mxplayer.in/show/watch-choti-si-zindagi-series-online-7835fdfff88b4e4c2973342e7112516b
Popular Romantic Shows,Bin Roye,https://www.mxplayer.in/show/watch-bin-roye-series-online-f97e7ee2bfa0e86a24fc8ac7f5956e1a,"1 Season, 17 Episodes",https://www.mxplayer.in/show/watch-bin-roye-series-online-f97e7ee2bfa0e86a24fc8ac7f5956e1a
Popular Romantic Shows,Waada,https://www.mxplayer.in/show/watch-waada-series-online-d66235c1f1f86e53d3ccaffda682e39b,"1 Season, 23 Episodes",https://www.mxplayer.in/show/watch-waada-series-online-d66235c1f1f86e53d3ccaffda682e39b
Popular Romantic Shows,Dil Lagi,https://www.mxplayer.in/show/watch-dil-lagi-series-online-f90e348c5f1fdfc3d3bad26b81e5e5f6,"1 Season, 25 Episodes",https://www.mxplayer.in/show/watch-dil-lagi-series-online-f90e348c5f1fdfc3d3bad26b81e5e5f6
Popular Romantic Shows,Besharam,https://www.mxplayer.in/show/watch-besharam-series-online-727c686ec39155c2f34181b249fc1fdf,"1 Season, 24 Episodes",https://www.mxplayer.in/show/watch-besharam-series-online-727c686ec39155c2f34181b249fc1fdf
Crime Time,CID,https://www.mxplayer.in/show/watch-cid-series-online-ef3eb728ae80a14841556fa5962d16cd,"1 Season, 281 Episodes",https://www.mxplayer.in/show/watch-cid-series-online-ef3eb728ae80a14841556fa5962d16cd
Crime Time,Crime Patrol Dial 100,https://www.mxplayer.in/show/watch-crime-patrol-dial-100-series-online-95d17435dcfa8649c1c17271f38795fa,"1 Season, 1022 Episodes",https://www.mxplayer.in/show/watch-crime-patrol-dial-100-series-online-95d17435dcfa8649c1c17271f38795fa
Crime Time,Crime Patrol Satark,https://www.mxplayer.in/show/watch-crime-patrol-satark-series-online-3d566573eb5471c8dc84f7c379383b4f,"1 Season, 547 Episodes",https://www.mxplayer.in/show/watch-crime-patrol-satark-series-online-3d566573eb5471c8dc84f7c379383b4f
Crime Time,Khotey Sikkey,https://www.mxplayer.in/show/watch-khotey-sikkey-series-online-99c0689bcbcdb40dd218bb1a7da66d6d,"1 Season, 25 Episodes",https://www.mxplayer.in/show/watch-khotey-sikkey-series-online-99c0689bcbcdb40dd218bb1a7da66d6d
Crime Time,Powder,https://www.mxplayer.in/show/watch-powder-series-online-5ee04f249a481623b82f2b5bf7944fc8,"1 Season, 26 Episodes",https://www.mxplayer.in/show/watch-powder-series-online-5ee04f249a481623b82f2b5bf7944fc8
Crime Time,Adaalat 2,https://www.mxplayer.in/show/watch-adaalat-2-series-online-c6ce127d66b92c8812e11555fc10c339,"1 Season, 26 Episodes",https://www.mxplayer.in/show/watch-adaalat-2-series-online-c6ce127d66b92c8812e11555fc10c339
Crime Time,Yudh,https://www.mxplayer.in/show/watch-yudh-series-online-517e105d6ebc6d4f9c259970dc6a5238,"1 Season, 20 Episodes",https://www.mxplayer.in/show/watch-yudh-series-online-517e105d6ebc6d4f9c259970dc6a5238
Crime Time,Karamchand,https://www.mxplayer.in/show/watch-karamchand-series-online-f646e3cf64394ea512de9015f7154fec,"1 Season, 11 Episodes",https://www.mxplayer.in/show/watch-karamchand-series-online-f646e3cf64394ea512de9015f7154fec
News & Interviews,Suniye Sarkar,https://www.mxplayer.in/show/watch-suniye-sarkar-series-online-e662722ffa31850e622c440098a7bad3,"1 Season, 35 Episodes",https://www.mxplayer.in/show/watch-suniye-sarkar-series-online-e662722ffa31850e622c440098a7bad3
News & Interviews,Star Truck with MasterChef Shipra Khanna,https://www.mxplayer.in/show/watch-star-truck-with-masterchef-shipra-khanna-series-online-3211d4c1bebd94e2b6db381d061de6fb,"1 Season, 7 Episodes",https://www.mxplayer.in/show/watch-star-truck-with-masterchef-shipra-khanna-series-online-3211d4c1bebd94e2b6db381d061de6fb
News & Interviews,The Vinod Dua Show,https://www.mxplayer.in/show/watch-the-vinod-dua-show-series-online-67c38dbe009046be59adb99e3735ff0c,"1 Season, 96 Episodes",https://www.mxplayer.in/show/watch-the-vinod-dua-show-series-online-67c38dbe009046be59adb99e3735ff0c
News & Interviews,Aur Batao,https://www.mxplayer.in/show/watch-aur-batao-series-online-5c77c039183a5d668726a68a49fa9224,"1 Season, 12 Episodes",https://www.mxplayer.in/show/watch-aur-batao-series-online-5c77c039183a5d668726a68a49fa9224
News & Interviews,Aap Ki Adalat,https://www.mxplayer.in/show/watch-aap-ki-adalat-series-online-4916ab4e02482c0347f0eb926efdb185,"1 Season, 15 Episodes",https://www.mxplayer.in/show/watch-aap-ki-adalat-series-online-4916ab4e02482c0347f0eb926efdb185
News & Interviews,Kiski Sarkar,https://www.mxplayer.in/show/watch-kiski-sarkar-series-online-2710f30aedce805f714d474634c30950,"1 Season, 5 Episodes",https://www.mxplayer.in/show/watch-kiski-sarkar-series-online-2710f30aedce805f714d474634c30950
News & Interviews,Satyavachan,https://www.mxplayer.in/show/watch-satyavachan-series-online-89411434013eea1c6631f8e265658d1e,"1 Season, 14 Episodes",https://www.mxplayer.in/show/watch-satyavachan-series-online-89411434013eea1c6631f8e265658d1e
News & Interviews,Frankly Speaking,https://www.mxplayer.in/show/watch-frankly-speaking-series-online-e958ffebfc92634e3553ef1abfc30f70,"1 Season, 22 Episodes",https://www.mxplayer.in/show/watch-frankly-speaking-series-online-e958ffebfc92634e3553ef1abfc30f70
News & Interviews,Sawaal Vote Ka,https://www.mxplayer.in/show/watch-sawal-vote-ka-series-online-5a29f5c35d3d26cb0083fdf6851a8349,"1 Season, 45 Episodes",https://www.mxplayer.in/show/watch-sawal-vote-ka-series-online-5a29f5c35d3d26cb0083fdf6851a8349
News & Interviews,Access,https://www.mxplayer.in/show/watch-access-series-online-0f04b1461bd7c3b8bff054f866057899,"1 Season, 10 Episodes",https://www.mxplayer.in/show/watch-access-series-online-0f04b1461bd7c3b8bff054f866057899
International Shows in Hindi,Cennet,https://www.mxplayer.in/show/watch-cennet-series-online-043607d0793c855c004e1935d5382ab4,"1 Season, 50 Episodes",https://www.mxplayer.in/show/watch-cennet-series-online-043607d0793c855c004e1935d5382ab4
International Shows in Hindi,New Bride,https://www.mxplayer.in/show/watch-new-bride-series-online-99d39ce74bf4948f4fb12c55056958fa,"1 Season, 47 Episodes",https://www.mxplayer.in/show/watch-new-bride-series-online-99d39ce74bf4948f4fb12c55056958fa
International Shows in Hindi,Our Story,https://www.mxplayer.in/show/watch-our-story-series-online-8c042e67dbcb727a80953d0733519c95,"1 Season, 107 Episodes",https://www.mxplayer.in/show/watch-our-story-series-online-8c042e67dbcb727a80953d0733519c95
International Shows in Hindi,Brave and Beautiful,https://www.mxplayer.in/show/watch-brave-and-beautiful-series-online-8a1f120fdec130faa3310f0f510571f8,"1 Season, 50 Episodes",https://www.mxplayer.in/show/watch-brave-and-beautiful-series-online-8a1f120fdec130faa3310f0f510571f8
International Shows in Hindi,The Girl Named Feriha,https://www.mxplayer.in/show/watch-the-girl-named-feriha-series-online-87a68101a67d41b45e7e78fcbc810737,"2 Seasons, 65 Episodes",https://www.mxplayer.in/show/watch-the-girl-named-feriha-series-online-87a68101a67d41b45e7e78fcbc810737
International Shows in Hindi,Bin Roye,https://www.mxplayer.in/show/watch-bin-roye-series-online-f97e7ee2bfa0e86a24fc8ac7f5956e1a,"1 Season, 17 Episodes",https://www.mxplayer.in/show/watch-bin-roye-series-online-f97e7ee2bfa0e86a24fc8ac7f5956e1a
International Shows in Hindi,Besharam,https://www.mxplayer.in/show/watch-besharam-series-online-727c686ec39155c2f34181b249fc1fdf,"1 Season, 24 Episodes",https://www.mxplayer.in/show/watch-besharam-series-online-727c686ec39155c2f34181b249fc1fdf
International Shows in Hindi,Piyarey Afzal,https://www.mxplayer.in/show/watch-piyarey-afzal-series-online-f2f39fb5ed352d0eee64139a2c8a169c,"1 Season, 37 Episodes",https://www.mxplayer.in/show/watch-piyarey-afzal-series-online-f2f39fb5ed352d0eee64139a2c8a169c
Popular Pakistani Dramas,Maat,https://www.mxplayer.in/show/watch-maat-series-online-ef191a67b4e4f6d5c259f39c64bef718,"1 Season, 25 Episodes",https://www.mxplayer.in/show/watch-maat-series-online-ef191a67b4e4f6d5c259f39c64bef718
Popular Pakistani Dramas,Sang-e-Mar Mar,https://www.mxplayer.in/show/watch-sangemar-mar-series-online-6704a2dd6ea233c420f814f46984f86b,"1 Season, 28 Episodes",https://www.mxplayer.in/show/watch-sangemar-mar-series-online-6704a2dd6ea233c420f814f46984f86b
Popular Pakistani Dramas,Choti Si Zindagi,https://www.mxplayer.in/show/watch-choti-si-zindagi-series-online-7835fdfff88b4e4c2973342e7112516b,"1 Season, 28 Episodes",https://www.mxplayer.in/show/watch-choti-si-zindagi-series-online-7835fdfff88b4e4c2973342e7112516b
Popular Pakistani Dramas,Malaal,https://www.mxplayer.in/show/watch-malaal-series-online-b02edce70bcafa01c80846135f98a190,"1 Season, 15 Episodes",https://www.mxplayer.in/show/watch-malaal-series-online-b02edce70bcafa01c80846135f98a190
Popular Pakistani Dramas,Chup Raho,https://www.mxplayer.in/show/watch-chup-raho-series-online-a765a15cc99ed19d9573878ed5df32e0,"1 Season, 28 Episodes",https://www.mxplayer.in/show/watch-chup-raho-series-online-a765a15cc99ed19d9573878ed5df32e0
Popular Pakistani Dramas,Pukaar,https://www.mxplayer.in/show/watch-pukaar-series-online-84229772842d52c763e2b97205881728,"1 Season, 26 Episodes",https://www.mxplayer.in/show/watch-pukaar-series-online-84229772842d52c763e2b97205881728
Popular Pakistani Dramas,Aseerzadi,https://www.mxplayer.in/show/watch-aseerzadi-series-online-09f50445b8f7020dcc9418a5ffe64347,"1 Season, 24 Episodes",https://www.mxplayer.in/show/watch-aseerzadi-series-online-09f50445b8f7020dcc9418a5ffe64347
Popular Pakistani Dramas,Mann Mayal,https://www.mxplayer.in/show/watch-mann-mayal-series-online-bad5061099aa481881eba89d7e474107,"1 Season, 17 Episodes",https://www.mxplayer.in/show/watch-mann-mayal-series-online-bad5061099aa481881eba89d7e474107
